{
  "timestamp": "2026-03-23T03:09:47.397387",
  "stats": {
    "html_files": 409,
    "json_files": 400,
    "total_size": 10.227744102478027,
    "errors": 6,
    "warnings": 3
  },
  "build_time": 23.1301531791687,
  "amazon_configured": false,
  "success": true
}